,image_name,height
0,John-Ritter.jpg,179
1,Yves-Montand.jpg,181
2,Andy-Williams.jpg,166
3,River-Phoenix.jpg,174
4,Arthur-Penn.jpg,164
5,Joel-Coen.jpg,180
6,Dr-Dre.jpg,179
7,Ron-Howard.jpg,170
8,Estelle-Parsons.jpg,158
9,Rhys-Ifans.jpg,187
10,Michael-J-Pollard.jpg,165
11,Fidel-Castro.jpg,178
12,Alec-Guinness.jpg,171
13,Yul-Brynner.jpg,168
14,Gus-Van-Sant.jpg,172
15,Stephen-Dorff.jpg,169
16,Alexander-Lukashenko.jpg,180
17,Matthew-Lewis.jpg,179
18,Mark-Harmon.jpeg,180
19,Bryan-Brown.jpg,182
20,Faye-Dunaway.jpg,163
21,James-Hong.jpeg,172
22,John-Huston.jpg,183
23,Stanley-Kubrick.jpg,168
24,Lee-J-Cobb.jpg,175
25,Andy-Warhol.jpg,173
26,Powers-Boothe.jpg,185
27,Frank-Grillo.jpg,174
28,James-Purefoy.jpg,182
29,Cody-Rhodes.jpg,183
30,Bob-Dylan.jpg,167
31,Keith-David.jpg,181
32,Olaf-Scholz.jpg,167
33,Bob-Geldof.jpg,182
34,Colin-Jost.jpg,177
35,Bill-Burr.jpg,177
36,John-Rhys-Davd.jpg,176
37,JohnCReilly.jpg,186
38,Michael-Palin.jpg,175
39,Frankie-Valli.jpg,157
40,Fred-Macmurray.jpg,184
41,Warren-Frost.jpg,173
42,Katharine-Hepburn.jpg,163
43,Albert-Hall.jpg,173
44,Jeremy-Clarkson.jpg,191
45,Roger-Corman.jpg,179
46,David-Hasselhoff.jpg,190
47,Joel-Grey.jpg,159
48,Chris-Mulkey.jpg,183
49,Stacy-Keach.jpg,174
50,Raymond-Burr.jpg,180
51,Albert-Finney.jpg,171
52,Hugh-Hefner.jpg,169
53,Jorge-Garcia.jpg,180
54,Charlotte-Flair.jpg,173
55,Luc-Besson.jpg,171
56,Eric-Idle.jpg,179
57,FForest-RIP.jpg,171
58,David-Attenborough.jpg,171
59,James-Mason.jpg,174
60,Dirk-Bogarde.jpg,170
61,Richard-Attenborough.jpg,162
62,James-Fox.jpg,181
63,Jack-Fox.jpg,189
64,Laurence-Fox.jpg,185
65,Dan-Stevens.jpg,180
66,Aaron-Eckhart.jpeg,177
67,John-Heard.jpg,169
68,Recep-Tayyip-Erdogan.jpg,183
69,Gabriel-Byrne.jpg,171
70,Edward-Fox.jpg,166
71,Freddie-Fox.jpg,175
72,Sterling-Hayden.jpg,189
73,Scott-Glenn.jpg,178
74,Justin-Theroux.jpg,176
75,Harry-Melling1.jpg,175
76,Omar-Sy.jpg,188
77,William-Hurt.jpg,182
78,Bob-Saget.jpg,186
79,Jerry-Lee-Lewis.jpg,171
80,Jack-Nance.jpg,167
81,James-Nesbitt.jpg,178
82,Jim-Jarmusch.jpg,185
83,Graham-McTavish.jpg,184
84,Michael-Badalucco.jpg,165
85,Fred-Ward.jpg,170
86,Emma-Thompson.jpg,171
87,Nick-Stahl.jpg,176
88,Dan-O-Herlihy.jpg,178
89,Terry-Gilliam.jpg,172
90,Peter-Facinelli.jpg,178
91,John-Larroquette1.jpg,189
92,Shinzo-Abe.jpg,174
93,Jimmi-Simpson.jpg,180
94,Vincent-Cassel.jpg,181
95,Emma-Stone.jpg,168
96,John-Candy.jpg,184
97,Derek-Jacobi.jpg,171
98,Henry-Winkler.jpg,164
99,Everett-McGill.jpg,183
100,Nikolaj-Baskov1.jpg,169
101,Ben-Whishaw.jpg,175
102,Josh-Hutcherson.jpg,164
103,Charles-Dance.jpg,187
104,Randy-Quaid.jpg,195
105,Rosemary-Harris.jpg,160
106,Judi-Dench.jpg,153
107,Marcelllo-Mastroianni.jpg,173
108,Peter-Ustinov.jpg,171
109,Julie-Andrews1.jpg,166
110,Colin-Morgan.jpg,182
111,Roger-Waters.jpg,181
112,Kenneth-Welsh.jpg,169
113,Billy-Boyd.jpg,163
114,Spencer-Treat-Clark.jpg,179
115,James-Gandolfini.jpg,180
116,Hugh-Grant.jpg,177
117,Bob-Newhart.jpg,162
118,James_Rebhorn.jpg,186
119,Tyler-Perry.jpg,194
120,Steve-Martin.jpg,177
121,Rod-Steiger.jpg,172
122,Don-Murray.jpg,180
123,Mick-Jagger.jpg,173
124,Michael-Biehn.jpg,179
125,Lance-Henriksen.jpg,171
126,Corin-Redgrave1.jpg,181
127,Lynn-Redgrave.jpg,174
128,Tom-Skerritt.jpg,175
129,Lee-Byung-Hun.jpg,173
130,Billy-Bob-Thornton.jpg,176
131,Anjelica-Huston.jpg,173
132,Rutger-Hauer.jpg,178
133,Liv-Tyler.jpg,172
134,Russ-Tamblyn.jpg,170
135,Greg-Kinnear.jpg,175
136,EDDIE_GUERRERO.jpg,168
137,Alexander-Vucic.jpg,197
138,Ricky-Gervais.jpg,170
139,Xi-Jinping.jpg,176
140,Jose-Ferrer.jpg,171
141,Gerard-Depardieu.jpg,174
142,Damian-Lewis.jpg,183
143,Norman-Jewison.jpg,164
144,Pat-Boone.jpg,172
145,William-Baldwin.jpg,184
146,George-Chakiris.jpg,173
147,Rob-Knox.jpg,182
148,Alfred-Molina.jpg,185
149,Rita-Moreno.jpg,154
150,Paul-Anka.jpg,160
151,Rosemary-Clooney1.jpg,163
152,Ramzan-Kadyrov.jpg,175
153,Richard-Chamberlain.jpg,178
154,Quincy-Jones.jpg,164
155,Glen-Campbell.jpg,177
156,Sean-Astin.jpg,165
157,Jason-Segel.jpg,191
158,Richard-Beymer.jpg,182
159,Natalie-Wood.jpg,159
160,Ashley-Judd.jpg,166
161,Ciaran-Hinds.jpg,179
162,Miguel-Ferrer.jpg,180
163,Jim-Sheridan.jpg,161
164,Mike-Farrell.jpg,188
165,Roberet-Forster.jpg,175
166,Nick-Cave.jpg,185
167,Vanessa-Redgrave.jpg,168
168,Pete-Postlethwaite.jpg,172
169,Michael-Mann.jpg,167
170,Jim-Broadbent.jpg,184
171,Chris-Cooper.jpg,173
172,David-Schwimmer.jpg,183
173,Don-Henley.jpg,178
174,Ed-Begley-JR.jpg,190
175,Lauren-Bacall.jpg,165
176,Scarlett-Johansson.jpg,162
177,Matt-LeBlanc.jpg,176
178,John-Savage.jpg,167
179,Doug-Hutchison.jpg,165
180,PSorvino-Rip.jpg,186
181,Michael-Clarke-Duncan.jpg,191
182,Michael-Jeter.jpg,162
183,Jeffrey-DeMunn.jpg,170
184,Ridley-Scott.jpg,168
185,Sam-Waterston.jpg,183
186,Harry-Dean-Stanton.jpg,169
187,Timothy-Spall.jpg,168
188,Emma-Watson.jpg,163
189,Fiona-Shaw.jpg,172
190,Robbie-Coltrane-RIP.jpg,179
191,Mark-Williams.jpg,180
192,Ennio-Morricone.jpg,163
193,Sergio-Leone.jpg,170
194,F-Murray-Abraham.jpg,172
195,John-Cleese.jpg,192
196,John-Lithgow.jpg,188
197,Jerry-Stiller.jpg,159
198,Midge-Ure.jpg,166
199,Christopher-Lloyd.jpg,179
200,Steve-MCQueen.jpg,176
201,Paul-Thomas-Anderson.jpg,178
202,Sophia-Loren.jpeg,164
203,Danny-Huston.jpg,184
204,Ian-Holm.jpg,161
205,Peter-Sellers.jpg,171
206,Julie-Walters.jpg,156
207,David-Bradley.jpg,173
208,Eric-Roberts.jpg,174
209,James-Garner.jpg,180
210,David-Tennant.jpg,181
211,Maggie-Smith.jpg,160
212,Richard-Donner.jpg,180
213,Alan-Alda.jpg,182
214,Michael-Gambon1.jpg,175
215,John-Cazale.jpg,177
216,Chris-Columbus.jpg,171
217,Stephen-Graham.jpg,162
218,Richard-Harris.jpg,178
219,Gabriel-Luna.jpg,180
220,DWarner-Rip.jpg,183
221,Andy-Serkis.jpeg,168
222,James-Coburn.jpg,182
223,John-Hurt.jpg,169
224,Walter-Mondale.jpg,173
225,Adam-Goldberg.jpg,179
226,Jeremy-Davies.jpg,172
227,Giovanni-Ribisi.jpg,170
228,ChrisODonnell.jpg,176
229,Ernest-Borgnine.jpg,170
230,Paul-Giamatti.jpg,171
231,Chris-Isaak.jpg,180
232,John_Williams.jpg,173
233,Robert-Mitchum.jpg,177
234,Johnny-Carson.jpg,174
235,Mykelti-Williamson.jpg,188
236,Tom-Selleck.jpg,187
237,Dennis-Farina.jpg,181
238,Jonathan-Pryce.jpg,180
239,MS.jpg,163
240,image22.jpg,174
241,Franco-Nero.jpg,172
242,William-Shatner.jpg,171
243,James-Stewart.jpg,182
244,Jake-Busey.jpg,190
245,Bob-Odenkirk.jpg,175
246,David-Carradine.jpg,177
247,GeorgeHWBush.jpg,183
248,Jason-Mewes.jpg,176
249,Zack-Snyder.jpeg,170
250,QueenRIP.jpg,149
251,BrianDePalma.jpg,172
252,Henry-Kissinger.jpg,164
253,Prince-Charles.jpg,174
254,Daniel-Stern.jpg,189
255,John-Malkovich.jpg,177
256,Leslie-Philips-RIP.jpg,168
257,Lloyd-Bridges.jpg,176
258,Norman-Lear.jpg,169
259,Jack_Pallance.jpg,184
260,Richard-Griffiths.jpg,173
261,Mel-Brooks.jpg,160
262,Ted-Danson.jpg,185
263,Richard-Gere.jpg,176
264,John-Goodman.jpg,181
265,Daniel-Bruhl.jpg,174
266,James-Phelps.jpg,186
267,Oliver-Phelps.jpg,188
268,Bill-Campbell.jpg,190
269,Jennifer-Lopez.jpg,162
270,Bob-Dole-RIP.jpg,180
271,Cuba-Gooding-JR.jpg,176
272,Brooke-Shields.jpg,175
273,Timothee-Chalamet.jpg,175
274,Stanley-Tucci.jpeg,171
275,Marlon-Brando.jpg,169
276,Gregory-Peck.jpg,183
277,Stephen-Fry.jpg,193
278,Phince-Prilip.jpg,177
279,Betty-White-RIP.jpg,155
280,Gorbachev-RIP.jpg,168
281,Michael-Shannon.jpg,192
282,Matthew-Broderick.jpg,172
283,Wade-Barrett.jpg,197
284,Diane-Keaton.jpg,164
285,James-Earl-Jones.jpg,177
286,Kevin-Kline.jpg,183
287,Karl-Malden.jpg,178
288,Deontay-Wilder.jpg,198
289,Rob-Reiner.jpg,184
290,Carl-Reiner.jpg,175
291,Elvis-Presley.jpg,179
292,Asner-RIP.jpg,166
293,WalterMatthau.jpg,182
294,JoePesci.jpg,158
295,Elton-John.jpg,170
296,Dean-Norris.jpg,168
297,Hozier.jpg,195
298,Tommy-Flanagan.jpg,180
299,Jack-Lemmon.jpg,170
300,Oliver-Stone.jpg,180
301,David-Gilmour.jpg,177
302,Emir-Kusturica.jpg,185
303,LKRIP.jpg,169
304,Jimmy-Carter.jpg,166
305,Ery-Celwes.jpg,176
306,Joe-Biden.jpg,179
307,David-Bowie.jpg,171
308,Jane-Fonda.jpg,165
309,Gosha-Kutsenko.jpg,181
310,Westam-Ad.jpg,177
311,Wentworth-Miller.jpg,181
312,Leonard-Nimoy.jpg,178
313,Timothy-Dalton.jpg,183
314,Djimon-Hounsou.jpg,185
315,Charles-Memton.jpg,178
316,Malcolm-Mcdowell.jpg,170
317,Kelsey-Grammer.jpg,182
318,AngelaLansbury-RIP.jpg,163
319,Joe-Dempsie.jpg,171
320,Ray-Liotta-Rip.jpg,177
321,Tom-Jones.jpg,173
322,Aidan-Quinn.jpg,181
323,Burt-Lancaster.jpg,179
324,Alan-Arkin-RIP.jpg,172
325,Kurt-Angle.jpg,177
326,Zendaya.jpg,172
327,Beau-Bridges.jpg,174
328,Matthew-Perry.jpg,179
329,Alain-Delon.jpg,173
330,NormanLloydRIP.jpg,163
331,2018-08-04-332_67826-7_231087.jpg,182
332,Tony-Curtis.jpg,171
333,Bill-Paxton.jpg,180
334,Steve-Carell.jpg,173
335,Nikita-Mihalkov.jpg,179
336,Eva-Marie-Saint.jpg,154
337,William-Sadler.jpg,171
338,Jaimie-Alexander.jpg,170
339,Dennis-Haysbert.jpg,190
340,Mickey-Rooney.jpg,152
341,Billy-Crystal.jpg,166
342,JosephGilgun.jpg,181
343,Dominic-Cooper.jpg,176
344,Dan-Aykroyd.jpg,180
345,Bret-Hart.jpg,180
346,Seth-Green.jpg,159
347,Garrett-Hedlund.jpg,186
348,Roman-Polanski.jpg,158
349,Stephen-Lang.jpg,173
350,James-Cameron.jpg,185
351,Charlton-Heston.jpg,184
352,Jason-Isaacs.jpg,178
353,AKarelin.jpg,188
354,DickVanDyke.jpg,175
355,James-Brolin.jpg,183
356,Don-Rickles.jpg,163
357,Eli-Wallach.jpg,162
358,Mac-Sethfaralane.jpg,177
359,Kate-Winslet.jpg,166
360,Matt-Dillon.jpg,175
361,Anthony-Joshua.jpg,198
362,Tony_bennett-RIP.jpg,165
363,Cm-Punk.jpg,179
364,Egor-Kreed.jpeg,182
365,DJ-Smash.jpeg,179
366,HalHolbrook-RIP.jpg,174
367,Val-Kilmer.jpg,175
368,Bruce-Dern.jpg,176
369,BigCass.jpg,202
370,Shartin-Meen.jpg,166
371,Robert-Wagner.jpg,175
372,Andrew-Rannells.jpg,183
373,AJ-Calloway.jpg,186
374,Javier-Bardem.jpg,180
375,Jay-Leno.jpeg,176
376,Robert-Maillet.jpg,206
377,Gary-Sinise.jpg,173
378,James-Woods.jpg,178
379,Margot-Robbie.jpg,164
380,The-Great-Khali.jpg,214
381,Edward-Burns.jpg,180
382,Nathan-Jones.jpeg,203
383,Keith-Carradine.jpg,182
384,Martyn-Ford.jpg,201
385,Kim-Coates.jpg,183
386,Tom-Sizemore-RIP.jpg,178
387,Steven-Spielberg.jpg,169
388,Harry-Belafonte-RIP.jpg,178
389,Dennis-Hopper.jpg,166
390,joel-kinnaman.jpg,189
391,Gary-Busey.jpg,179
392,Nat-Wolff.jpg,182
393,Christopher-Plummer-RIP.jpg,173
394,Lee-Ermey.jpg,178
395,John_Carroll_Lynch.jpg,187
396,NestorK.jpg,174
397,Sergey-Bezrukov.jpeg,171
398,Taylor-Lautner.jpeg,172
399,Glenn_Jacobs.jpg,199
400,Winston-Duke.jpg,198
401,James-Cromwell.jpg,197
402,Michael_Strahan.jpg,196
403,moeller_ralph.jpg,195
404,Blake-Shelton.jpg,194
405,Tom-Brady.jpg,193
406,Bill-O-Rielly.jpg,192
407,Lee-Pace.jpg,191
408,Kevin-Nealon.jpg,190
409,John-Kerry.jpg,189
410,Adam-Copeland.jpg,188
411,Steven_Ogg.jpg,187
412,Richard-Armitage.jpg,186
413,Jon-Voight.jpg,185
414,Jeff-Daniels.jpg,184
415,Jai-Courtney.jpg,183
416,Mamx-Vov-Sys.jpg,182
417,DB-Weiss.jpg,181
418,Danny-Aiello.jpg,180
419,Kane-Hodder.jpg,186
420,Tom-Felton.jpg,174
421,Martin-Scorsese.jpg,157
422,David-Benioff.jpg,187
423,TonyChiba.jpg,169
424,Scott-Caan.jpg,165
425,Francis-Ford-Coppola.jpg,173
426,Sam-Worthington.jpg,174
427,Dana-White.jpg,177
428,Chevy-Chase.jpg,190
429,Roger-Moore.jpg,180
430,Stisg.jpg,176
431,Johnny-Cash.jpg,177
432,Kirk-Douglas.jpg,165
433,Tom-Noonan.jpg,199
434,Jeff-Fahey.jpg,180
435,Andy-Garcia.jpg,173
436,Tyson-Fury.jpg,200
437,Olofmeister.jpeg,184
438,John-Krasinski.jpg,186
439,Kristanna-Loken.jpg,180
440,Tom-Berenger.jpg,178
441,Tom-Waits.jpg,177
442,Ed-Harris.jpg,173
443,Tilda-Swinton.jpg,176
444,The-Undertaker.jpg,197
445,Daniel_Day_Lewis.jpg,181
446,Derek-Mears.jpg,194
447,adam-driver.jpg,189
448,Hene-Gackman.jpg,182
449,Tyler-Mane.jpg,202
450,Nick-Nolte.jpg,179
451,Uma-Thurman.jpg,179
452,Rob-Zombie.jpg,174
453,Colin-Hanks.jpg,185
454,kenneth-branagh.jpg,175
455,Vince-McMahon.jpg,180
456,Matt-Smith.jpg,182
457,Clifton-Collins.jpg,169
458,Jennifer-Connelly.jpg,167
459,Tom-Payne.jpg,166
460,Christopher-Reeve.jpg,188
461,Rupert-Grint.jpg,171
462,Seth-Rollins.jpg,185
463,Ian-McShane.jpg,167
464,SigourneyWeaver.jpg,177
465,Bill-Murray.jpg,184
466,PeterFonda.jpg,180
467,Post-Malone.jpg,183
468,Adam_Baldwin.jpg,191
469,Danny-Glover.jpg,186
470,Brock-Lesnar.jpg,188
471,Margaret-Qualley.jpg,170
472,Donald-Sutherland.jpg,182
473,Sergey-Lavrov.jpg,185
474,Eric_Dane.jpg,184
475,Don-Johnson.jpg,174
476,Semen-Slepakov.jpg,196
477,LeBronJames.jpg,201
478,Jonathan-Banks.jpg,172
479,Harvey-Keitel.jpg,168
480,Ross-Marquand.jpg,181
481,Huh-Wew.jpg,187
482,Vin-Diesel.jpg,178
483,Braun_Strowman.jpg,199
484,Ross-Butler.jpg,189
485,Warren-Beatty.jpg,182
486,MickeyRourke.jpg,177
487,WoodyAllen.jpeg,161
488,Listopher-Cree.jpg,188
489,BenKingsley.jpg,170
490,Drew-McIntyre.jpg,194
491,Brian_Thompson.jpg,186
492,Kris-Kristofferson.jpg,175
493,Michael-Bay.jpg,184
494,robbie-williams.jpg,179
495,KurtCobain.jpg,172
496,CourtneyLove.jpg,170
497,IanMcKellen.jpg,176
498,KevinOwens.jpg,178
499,Newm-Paulman.jpg,173
500,James-Caan-RIP.jpg,172
501,Wobin-Rilliams.jpg,166
502,FleaRHCP.jpg,165
503,Chad-Smith.jpg,186
504,Igor-Vernik.jpg,178
505,Stephen-Amell.jpg,183
506,Grant-Gustin.jpg,180
507,Scott-Adkins.jpg,178
508,Sidney-Poitier-RIP.jpg,185
509,Frank-Langella.jpg,182
510,Shawn-Ashmore.jpg,177
511,Timothy-Olyphant.jpg,181
512,George-Walker-Bush.jpg,179
513,James-Caviezel.jpg,183
514,Roman-Reigns.jpg,188
515,Monica-Bellucci.jpg,166
516,jim-morrison.jpeg,175
517,RAy-Manzarek.jpg,184
518,JohnDensmore.jpg,171
519,RingoStarr.jpg,165
520,Robbie-Krieger.jpg,169
521,Manson-.jpg,176
522,Sheamus.jpg,190
523,BarryPepper.jpg,175
524,BaronCorbin.jpg,198
525,Dave-Franco.jpg,165
526,Alexander_nevSky.jpg,194
527,Helena-Bonhem-Carter.jpg,157
528,Robert_sheehAn.jpg,181
529,Common.jpg,180
530,Logan-Lerman.jpg,172
531,Dwight-Howard.jpg,209
532,Robert_Duvall.jpg,173
533,Fatthew-MacMamadyen.jpg,188
534,Brancy-Clown.jpg,186
535,FrankDarabont.jpg,180
536,BigShow.jpg,208
537,Ray_Stevenson-RIP.jpg,189
538,ChristopherWalken.jpg,179
539,seth-rogen.jpg,178
540,marjanovic.jpg,222
541,James-Corden.jpg,171
542,Domhnall-Gleeson.jpg,185
543,Finn_Balor_Bio_07.jpg,176
544,Glendan-Breeson.jpg,183
545,the-miz.jpg,182
546,CalvinHarris.jpg,197
547,CharlieSheen22.jpeg,172
548,Diane-Kruger.jpg,164
549,Dichael-Mouglas.jpg,170
550,MatthewLillard.jpg,187
551,BlakeLively.jpg,174
552,DamonAlbarn.jpg,175
553,Lude-Jaw.jpg,177
554,Hosh-Jartnett.jpg,187
555,Tom-Ellis-Wallpapers-HD.jpg,189
556,TomWelling.jpg,190
557,kevin-durand.jpg,193
558,Wavid-Dehnam.jpg,178
559,noah-schnapp.jpg,169
560,viggo-mortensen.jpg,176
561,Eremy-Jirons.jpg,183
562,AmberHeard_.jpg,168
563,Will-Poulter.jpg,185
564,M-Keaton.jpg,173
565,Tommy-Lee-Jones.jpg,179
566,Nam-Seill.jpg,181
567,Terry-OQuinn.jpg,183
568,Ric-Flair.jpg,175
569,walton-goggins.jpg,177
570,ChrisODowd.jpg,188
571,Matthew-Fox.jpeg,184
572,SeanPenn.jpg,171
573,Gaten-Matarazzo.jpg,162
574,VincentDOnofrio.jpg,192
575,Titus.jpg,191
576,KendallJenner.jpg,172
577,DaxShepard.jpg,186
578,Dolph-Ziggler.jpg,179
579,PobertRatrick.jpg,178
580,Hethan-Wawke.jpg,176
581,RandyOrton.jpg,192
582,AdamLevine.jpg,180
583,Chris-Jericho-HD-Wallpaper.jpg,177
584,2_Melanie-Thierry.jpg,155
585,AaronTaylorJohnson.jpg,178
586,JoshHolloway.jpg,182
587,DominicMonaghan.jpg,169
588,EvangelineLilly.jpg,163
589,DanReynolds.jpg,190
590,HowardStern.jpg,196
591,TheoJames.jpg,183
592,AnselElgrot.jpg,187
593,BruceCampbell.jpg,182
594,16_Tony-Goldwyn.jpg,180
595,BillPullman.jpg,183
596,Lalec-Boobldwin.jpg,179
597,Kevin_Nash.jpg,204
598,BonJovi.jpg,174
599,TripleH.jpg,186
600,ColinFarrell.jpg,176
601,JAA.jpg,167
602,KellanLutz.jpg,183
603,CaraDelevingne.jpg,170
604,Pedro-Pascal-Red-Carpet.jpg,177
605,WWE-Superstar-Stone-Cold.jpg,184
606,BillyZane.jpg,181
607,JeffGoldblum.jpg,189
608,Waul_Palker.jpg,185
609,Ludacris.jpg,173
610,Hulk-Hoooohgan.jpg,190
611,drrake.jpg,180
612,Gal_Gadot.jpg,175
613,Pac-Alino.jpg,163
614,Harden.jpg,195
615,Sas-Sesiott.jpg,184
616,Kareem_Abdul_Jabbar.jpg,213
617,jack-nicholson-6283147-.jpg,174
618,Thomas-Jane-LA-Noir.jpg,176
619,Slater.jpg,171
620,GuyPearce.jpg,177
621,Taron_Egerton.jpg,175
622,asa-butterfield.jpg,179
623,ChazzPalminteri.jpg,185
624,Vaughns-Vin.jpeg,194
625,badyk5.jpg,186
626,IgorJijikine.jpg,188
627,Chadwick-Boseman-Rip.jpg,180
628,JCusack.jpg,187
629,AlanRickman.jpg,182
630,LukeEvans.jpg,181
631,912a3f90-de94-11e6-8f78-9133dc9f1779_GettyImages-6.jpg,167
632,larsmikkelsen.jpg,190
633,fond-ecran-wallpaper-image-ben-mckenzie-19.jpg,172
634,Fedor.jpg,178
635,GettyImages-685542094-1504215939.jpg,179
636,Dad-Thewew.jpg,189
637,MilesRobbins.jpg,183
638,Nathan_Fillion_wallpaper_pack.jpg,186
639,Owen_Wilson_HD_pics.jpg,177
640,DSCF0881.jpg,196
641,EhYCdIqf3jajayVCd0SpUOUyURKNxLqZ.jpg,202
642,AnntytHooh.jpg,174
643,David-Duchovny-wall.jpg,181
644,017c0ac3172f0a11d3e10946521e54c5.jpg,171
645,matthew-modine.jpg,188
646,8aa5ce9ec366cc40e53bcdb1ab22c2e2.jpg,170
647,gettyimages-628422842-e1486240149624.jpg,176
648,54277625_340368483267656_481038412544185254_n.jpg,197
649,fonds-ecran-adewale-akinnuoye-agbaje-19.jpg,185
650,rexfeatures_8867553bi.jpg,191
651,2_Laurence-Fishburne.jpg,178
652,276231-patrick-wilson-patrick-wilson.jpg,180
653,maisie-williams-quotgame-of-thronesquot-season-6-p.jpg,151
654,nintchdbpict000393372254.jpg,173
655,EDsheeran.jpeg,172
656,038.jpg,191
657,lena-headey.jpg,166
658,33192478-pd1.jpg,185
659,GettyImages-463277624.jpg,177
660,186911603.jpg,189
661,Dmitrij-Nagiev1.jpg,172
662,Mamrtit-Freermam.jpg,169
663,Michael-Cudlitz-has-been-left.jpg,183
664,Strank0Morg.jpeg,185
665,steven-yeun-1-.jpg,172
666,paul-dano-wide-wallpaper-57576-59340-hd-wallpapers.jpg,181
667,Bobert-Redrdford.jpg,175
668,SAnek.jpg,188
669,3258738_2048_1152.jpg,190
670,Hayden-Christensen_01.jpg,181
671,Kobe-Bryant-RIP-2020.jpg,198
672,dl_u322948_005b.jpg,159
673,Alexander-Ludwig.jpg,187
674,gettyimages-629518728.jpg,184
675,kirkorov-3.jpg,195
676,sophie-turner-1-.jpg,173
677,PaulRudd.jpg,175
678,452058540.jpg,178
679,nintchdbpict000243370667-e1465910390460.jpg,191
680,Owive-Clowen.jpg,185
681,mahershalaaliaaa.jpg,186
682,JDuh.jpg,190
683,g_47beef9c6ffd0515ab360f355c5034b3_2_1400x1100.jpg,182
684,162951.jpg,174
685,VVp.jpg,168
686,Josh-B.jpg,176
687,130348.f4bc7911-9fa3-42a2-b10d-0508750dc645.jpg,186
688,big_startfilmru1408108-1-.jpg,192
689,b691e12de568cb2bfc750994ddc6614c15a4ac8a.jpg,166
690,joseph-gordon-levitt.jpg,174
691,DaMtMsnX0AA-JBQ.jpg,183
692,61e4a780-6ccd-11e7-93f5-b3ad0448b36d_AP_1705803006.jpg,179
693,Toter-OPeele.jpg,181
694,Spevin-Kacey.jpg,175
695,00-DSC_8592.jpg,180
696,JimBeam.jpeg,177
697,HuhLood.jpg,184
698,donnie-yen.jpg,170
699,9dbb35239b6c100d47c633baf1bf0471.jpeg,189
700,garik-martirosjan.jpg,182
701,18b3f8a7350800ceb213374d88284771.jpg,164
702,Kyk-Machaah.jpg,178
703,1433048447_1.jpg,181
704,Hat-Jamesfield.jpg,184
705,Lel.jpg,175
706,Lauren-Cohan-wallpaper-pack.jpg,167
707,gettyimages-805404468-1524766414.jpg,182
708,5b0d0a39baaace421e0ffe850385b6ad.jpg,191
709,tom-cruise.jpg,169
710,12_Chiwetel-Ejiofor.jpg,176
711,gordo2n2.jpg,185
712,000_l806e.c3ea9085937.original.jpg,175
713,Will-Arnett-1.jpg,187
714,699962730d07a8b9ab05a724d8bd3339.jpg,178
715,maxresde4fault.jpg,186
716,5AeOxaWJVCXaCVwXxqdhd64yfjy6u54eujm.jpg,183
717,David-Lynch-1496155482.jpg,175
718,Hark-Mamill.jpg,170
719,david-morrissey.jpg,188
720,Civil-War-Premiere-SebastianStanSpain_com-1.jpg,179
721,1527065228_yuri-kolokolnikov.jpg,192
722,belgaimage-104874666-full.jpg,186
723,ewan-mcgregor-via-getty-images-2019.jpg,174
724,igor-akinfeev-russland-confed-cup-2017_h3w703mh8vt.jpg,186
725,eb25146f-b150-4bc2-8d1f-f1b93fd0b9af.jpeg,184
726,0318_gots3premiere_72.jpg,176
727,Irdrirs-Lelba.jpg,187
728,carey-mulligan-dementia-alzheimers-ambassador.jpg,164
729,Q5MA8msP1jXuQUCVHqJz0vhpAjp.jpg,182
730,Bevin-Cacon.jpg,177
731,misha.jpg,163
732,7775220400_michael-madsen.jpg,183
733,la-et-mg-joe-manganiello-labels-magic-mike-xxl-sof.jpg,193
734,JAYZZZ.jpg,184
735,TWR-COVER-Nicole-Kidman-02-1950x12991.jpg,177
736,Nor-Chucckis.jpg,172
737,Schnei0Robder.jpg,163
738,69cca585b82038a4584b6d997b97a0b5.jpeg,189
739,Dud-Hoh.jpeg,165
740,837680124.jpg,189
741,naom_5b4db19fb4085.jpg,173
742,Dave-Bautista-6.jpg,188
743,QUQU.jpg,180
744,Con-Seannery.jpg,183
745,fullsize2.jpg,200
746,Raniel-Dadcliffe.jpg,162
747,Zaz-Gaaag.jpg,170
748,kane.jpg,188
749,Caicl-Maine.jpg,183
750,Hideo-Kojija.jpg,172
751,Gigdt.jpg,174
752,e00e1b52-6f1e-11e2-ac5d-d6df0ac8a66d.jpg,174
753,GettyImages-108080946.jpg,171
754,MamBabJoj.jpg,178
755,ASAAND.jpg,176
756,MAli.jpg,184
757,img_60931.jpg,165
758,cannes10mai_01_0.jpg,180
759,saoirse-ronan-30137-2880x1800.jpg,162
760,SJ-Kikmons.jpg,177
761,Brer-Frar.jpg,186
762,kevin_sorbo.jpg,187
763,nolan.jpg,179
764,Kekvin-Cocstner.jpg,182
765,norman-reedus-db2df3f5f4b55234.jpg,175
766,l5n6RGpMhEQ.jpg,168
767,cb4b9ecad918f7edf90ed4ea15436ad7.jpg,194
768,9bd5815cf1e593fd803577a6194238ee.jpg,179
769,Phric-Cratt.jpg,187
770,ulybka-kate-beckinsale.jpg,168
771,005aa2bfa696702b8ce8395840e75892.jpg,190
772,6166.jpg,171
773,Eddie-MMM.jpg,175
774,Falph-Riennes.jpg,177
775,keira-knightley-british-actress-movie-stars-beauti.jpg,165
776,75.jpg,196
777,52c649afd89539d553e0149a06a81e89.jpg,197
778,Joj-Pheph.jpg,170
779,LiamNeeson.jpg,188
780,Pierce-Brosnan-2014-pierce-brosnan-40682133-3600-2.jpg,183
781,Reric-Banana.jpg,184
782,IMG_40861.jpg,179
783,b7b977305438579c2cd8855f5a87beb8.jpg,193
784,AnnihilationPremiere-008.jpg,172
785,Gave-Drohl.jpg,180
786,noonY-Joxville.jpg,180
787,Pol_Makkartni.jpg,174
788,Rob-Timmins.jpg,192
789,Chlol-Grar-Mom.jpg,162
790,jackie_earl_haley-sag_indie_brunch-getty-h-2016.jpg,166
791,ArmieHammer111.jpeg,191
792,wp3112031.jpg,170
793,tramp16.jpeg,185
794,ben-stiller.jpg,169
795,Hih-Lel.jpg,180
796,Christian-Bale.jpg,180
797,1410459691_1407586452_1398385383_003_andrei_arlovs.jpg,193
798,da5f47b4-a722-49bf-8d8a-2f06b19e8236.jpg,171
799,ufo-sighting-alien-skull-spotted-on-the-surface-of.jpg,171
800,14_Melanie-Laurent.jpg,157
801,LiamCun.jpeg,178
802,kristofer-hivju-1.jpg,178
803,GettyImages-644698826.jpg,180
804,shutterstock_9472676be.jpg,181
805,Vinnie-Jones-Mugshot.jpg,185
806,ac8a8d9f6178968937df82a39e4dc200.jpg,192
807,Batt-Momer.jpg,178
808,PaulBettany.jpg,188
809,Stellan-Skkks.jpg,187
810,f5eef5dc0de27bc8289dfb8c309811d9.jpg,176
811,Deter-Pinklage.jpg,133
812,Woody-2Harrelson.jpg,175
813,Trooooth.jpg,168
814,KRussell.jpg,176
815,Ashton-Kutcher-Wallpapers.jpg,186
816,Wiw-Dad.jpg,169
817,Tom_Hiddleston.jpg,185
818,shutterstock_187457168.jpg,166
819,michael-pena-james-bond-chiwetel-ejiofor.jpg,170
820,koljan.jpg,185
821,2.33573244.jpg,191
822,996113_1438082400.jpg,190
823,Iain-Genl.jpg,179
824,rexfeatures_8436401gh-1.jpg,184
825,Ryan-Hurst.jpg,195
826,Hane-Deaan.jpg,173
827,Statric-Pewart.jpg,172
828,Men_Male_Celebrity_Famous_Actor_Zac_Efron_058192_.jpg,174
829,ykuily.jpg,203
830,Charlize-Theron.jpg,174
831,Geoffrey-Rush.jpg,178
832,ustv-thomas-kretschmann.jpg,172
833,CEvans.jpg,181
834,Joel-Edgerton.jpeg,179
835,Pon-Rerlman.jpg,181
836,Nicolas-Cace.jpg,179
837,Keanu-Reeves-Wick.jpg,182
838,labeouf.jpg,174
839,NHoult.jpg,186
840,a1cbde6f060d25ac00f8418bf57d0a94.jpg,214
841,Doop-Snogg.jpg,192
842,Joj-Ceca.jpg,183
843,HUHNamC.jpg,180
844,RPattinson.jpg,181
845,JamieFoxxmain.jpg,177
846,SaamsRorkwew.jpg,171
847,Bandonio-Anteras.jpg,172
848,JimjCacrey.jpg,183
849,elajdzha_vud_akter_litso_ulybka_kostyum_109594_144.jpg,165
850,James-McAvoy.jpg,170
851,d2d826e30487f79e7acd29c6736d28b8.jpg,177
852,JBlack.jpg,169
853,fi.jpg,178
854,Wuce-Brillis.jpg,178
855,Dohnny-Jepp.jpg,173
856,HenryCavilWitcher.jpg,182
857,JaredLeeto.jpg,175
858,Stephen-King-for-desktop-background.jpg,185
859,ENort.jpg,180
860,Rary-Lolman.jpeg,172
861,1581.jpg,173
862,David-Morse.jpg,189
863,Stormar-Petere.jpg,185
864,047.jpg,181
865,MRapaport.jpg,184
866,2019Men_Male_Celebrity_Stylish_male_actor_Christop.jpg,170
867,Folin-Cirth.jpeg,184
868,Mark-Ruffalo.jpg,169
869,prince-harry-preview.jpg,187
870,2dd6433f-df6a-4fc4-a933-357a7fc3527e.jpg,178
871,TSCHW.jpg,175
872,RReynolds.jpg,186
873,MJF.jpg,162
874,maxnewsfrthree318311.jpg,180
875,BradPiptpp.jpg,177
876,Dwayne-Johnson.jpg,187
877,Pres-BillClinton.jpg,181
878,fedor.jpg,182
879,BDT.jpg,183
880,Karl-Urban-Wallpapers.jpg,183
881,141130-barack-obama-jms-2018_77d8d2ecae194a0123be4.jpg,185
882,ZQ.jpg,182
883,Bridge-Jeffress.jpg,180
884,GeorgeClooney.jpg,177
885,NPH1973.jpg,181
886,Miles-Teller-for-desktop.jpg,184
887,Metallicas-Lars-Ulrich.jpg,165
888,MattDamon.jpg,176
889,Jeffrey-Dean-Morgan-Wallpapers.jpg,182
890,BAffleck.jpg,186
891,RussellCrowe.jpg,177
892,GerardButler.jpg,185
893,WilllllSMith.jpg,184
894,Wewsez-Shahington.jpg,180
895,Daniel-Craig.jpg,178
896,Liev.jpg,185
897,Jugh-Hahman.jpg,184
898,jgj.jpg,182
899,KHart-1.jpg,160
900,Mark-Wahlberg1.jpg,171
901,Bobdenin.jpg,170
902,WillFerrell.jpg,187
903,111278.jpg,170
904,actor-jacket-hair-Person-Channing-Tatum-man-look-h.jpg,182
905,Farrison-Hord.jpg,179
906,PrayerBeforeDawnPhotocall70thAnnualCannesU_k3ikAvl.jpg,177
907,1479728864_5832dee0c8d49.jpg,172
908,GettyImages-527984656.jpg,175
909,evansshaun13.jpg,173
910,cillian-murphy-180226.jpg,171
911,GettyImages-505000852.jpg,175
912,chris-pine.jpg,183
913,jj-abrams.jpg,170
914,JeremyRenner.jpg,173
915,justin-timberlake-cannes-color-2016-billboard-1548.jpg,182
916,East-Cliltwoow.jpg,181
917,kenwatanabe_201602110658090.jpg,182
918,LeonardoDicaprio.jpg,179
919,Hankss.jpg,182
920,RyanGosling.jpg,182
921,Bradley-Cooper.jpg,183
922,Tike-Myson.jpg,177
923,Antony-Mackie.jpg,178
924,g_81beef58a5d678dba38fe1dfaf09a0c1_2_1400x1100.jpg,163
925,Matthew-McConaughey.jpg,178
926,ROR-DOW_JRJ.jpg,172
927,Samuel-L-Jackson-scaled.jpg,184
928,Gwyneth-Paltrow1.jpg,175
929,Tobey-Maguire.jpg,172
930,str2_aygoldenglobes_stallone_angelin.jpg,173
931,Forgan-Mreeman.jpg,185
932,Jimmy-Fallon.jpg,180
933,JasonStathamattendsphotocallExpendablesR1qyvwiExJj.jpg,188
934,ice-cube-feb-2016-billboard-1548.jpg,173
935,tjtk.jpg,177
936,JStatham.jpg,175
937,JaredPadalecki.jpg,193
938,wp1976264.jpg,170
939,b2d7d456.jpg,181
940,Actor-Andy-Samberg-Photos-81201672.jpg,174
941,James-Franco-desktop-background.jpg,178
942,6868214.jpg,177
943,conormcgregor-cropped_1hbvksfee6ein1kz6hol9sna9t.jpg,175
944,Floyd-Mayweather.jpg,170
945,lionel-messi-barcelona-champions-league-2016_1klnl.jpg,169
946,Cristiano-Ronaldo-Wallpaper-15.jpg,185
947,_Barcelona_Neymar_049288_.jpg,174
948,gerard-pique-1517308918.jpg,194
949,2017-04-20_13-46-38_01.jpg,182
950,turjngf.jpg,178
951,na-repera-50-cent-podali-v-sud-iz-za-publikacii-v-.jpg,183
952,Climila-Elarke.jpg,155
953,Kimmelll.jpg,180
954,22754521-01.jpg,183
955,la-et-st-bryan-cranston-interview-20160518-snap.jpg,178
956,1797784_1920x1080x500.jpg,173
957,devid-bekhem-hochet-postroit-akterskuju-kareru-1-.jpg,180
958,Arnold-Schrazenegger-boss.jpg,180
959,Jean-Claude-Van-Damme-Hollywood-Celebrities-Wallpa.png,177
960,PremiereSonyPicturesGhostbustersArrivalsCRDGV9wI8F.jpg,157
961,JakeGyllenhaaaaaaaaaaaaaaal.jpg,180
